John Smith;1980-05-15
Jane Doe;1975-09-22
Michael Johnson;1992-03-10
Emily Williams;1988-11-03
Daniel Brown;1979-07-18
Sophia Anderson;1995-02-28
David Taylor;1983-12-09
Olivia Martinez;1990-06-12
Matthew Thompson;1977-04-25
Ava Garcia;1998-08-14
Christopher Hernandez;1986-10-07
Isabella Adams;1993-01-20
James Wilson;1981-03-05
Mia Thomas;1976-11-28
Andrew Clark;1991-09-02
Charlotte Lewis;1989-07-15
Joseph Rodriguez;1978-05-09
Abigail Lee;1996-12-22
Joshua Walker;1984-02-15
Sofia Hall;1987-08-31
